job_title_id,job_title
1,Senior / Medical Writer (Regulatory)
2,Manager of Biometrics
3,Field Service Engineer | Chromatography
4,Data Manager of Project Management
5,Strategic Market Analyst
6,Senior Mechanical Design Engineer
7,Head of Quality Excellence
8,Quality Assurance (QA) Document Controller
9,Clinical Data Team Lead
10,SENIOR HEALTH ECONOMIST
11,Advanced Medical Writer
12,*Clinical Research Associate Or SrCRA (F / M)
13,Study Coordinator
14,Regulatory Affairs Specialist (Medical Devices) Homebased UK / EU
15,"Regulatory Operations Leader, Switzerland"
16,Trainee Sales Rep *4
17,Program Coordinator
18,Sales Specialist
19,Clinical Supplies Manager
20,Medical Writer
21,Regulatory Affairs Manager
22,Business Development Manager
23,Senior Medical Writing
24,Clinical Sales Manager
25,Principal Statistician
26,Medical Lead
27,Quality / Validation Engineer
28,QA Site Operations Manager
29,HEALTH ECONOMIST
30,Senior Regulatory Executive
31,Associate Director Medical Affairs Haematology UK
32,GP Representative
33,Nurse Advisor
34,CRA II
35,Interim Medical Information Specialist
36,Sales Excellence Manager
37,Regulatory Affairs Specialist
38,Scientific Projects Leader
39,Innovation Formulation Senior Manager
40,"Medical Writer, Independent Agency / London"
41,Quality Engineer
42,Senior/Principal Data Manager
43,GCP QA Manager
44,Senior Regulatory Affairs
45,GMP Laboratory Manager
46,Regional Sales Manager
47,Product Specialist
48,Regulatory Affairs Officer
49,Mid
50,Senior / Principal Biostatistician
51,Senior Pharmacovigilance Executive
52,Experienced Medical Writing
53,"Senior Director, Regulatory Affairs"
54,Lead Data Managers
55,Principal Regulatory Affairs Specialist
56,Design Quality Engineer x2
57,Pharmaceutical Wholesale
58,Native English Medical Writer
59,Clinical QA
60,Executive Director of Research
61,Recruitment Manager
62,Responsable PV
63,"Associate Medical Director Haematology / Oncology, Munich"
64,Senior Account Manager
65,Supply Chain Project Manager
66,Pricing Manager France
67,German speaking Validation Engineer
68,Medical Advisor
69,Senior Medical Writer
70,Medical Writing and much more
71,Associate Sales Representative
72,Regional Medical Director
73,Account Manager
74,Regulatory Information Management Consultant
75,Quality Manager
76,Senior CRA / SCRA
77,Marketing Manager
78,Hospital Business Manager
79,Quality Engineer (Contractor Day
80,Territory Manager
81,Quality Director & QP
82,Clinical Sales Specialist
83,Drug Safety Associate I
84,Territory Sales Manager / Sales Representative BPV
85,Project Manager for Analytics Project
86,Statistical Programmer
87,"Team Leader, Biostatistics"
88,Strategic Raw Chemical Material Purchaser
89,Medical Information & Safety Specialist
90,Homebased: Regulatory / Medical Affairs Consultant
91,Scientific Manager (Entomology / Terrestrial Ecotoxicology)
92,Cell Therapy Account Manager
93,Senior Health Economist
94,Data & Quality Manager
95,Medical Representative
96,Head of Pharmacological Research
97,QA Manager
98,Statistical Programmers of all levels
99,Key Account Manager
100,"Regulatory Affairs Manager, Development"
101,Senior Brand Manager
102,Statistical Methodology Expert for HTA
103,HEALTH ECONOMICS ANALYST
104,Drug Safety Scientist
105,Clinical / Systematic Reviews
106,QA
107,DIRECTOR OF HEALTH ECONOMICS
108,Digital Project Manager
109,Upstream Processing Technician
110,Associate Director
111,Scientific Medical Writer
112,Senior / Principal Statistical Programmer
113,Regulatory Senior Consultant
114,EU Scientific Affairs Manager
115,Senior Biostatistician (Real World Evidence)
116,Global Senior Health Economics and Outcomes Research Manager
117,Drug Safety Project Manager
118,Senior Bioinformatics Scientist
119,Clinical Trial Manager
120,Feasibility Analyst
121,Clinical Research Associate
122,phase I Specialized Monitor
123,Senior Pharmacy Manager
124,Medical Field Service Engineer
125,Senior Drug Safety Specialist
126,Principal / Senior Medical Writer
127,Senior Statistician
128,"Regulatory Affairs Manager: Freelancer, CMC, Switzerland"
129,Regional Business Leader
130,PASS Statistician
131,Study Start Up Manager
132,PhD Holder? Medical Writer
133,Multi
134,Clinical Data Manager
135,Global Market & Product Analyst
136,Junior Health Economist SWITZERLAND
137,Regional Business Manager
138,Are You a Post Doctoral Research Fellow?Medical Writing
139,Digital Marketing Manager
140,FREELANCE: Electronic Trial Master (eTMF)
141,Senior / Regulatory Manager
142,Commissioning Engineer (Industrial Systems)
143,Global Clinical Project Manager
144,Quality Specialist
145,Pharmaceutical Account Manager
146,Hospital Account Executive
147,Senior Scientist
148,"QA GMP Specialist, Production"
149,Associate Medical Director
150,HR Business Partner / Advisor
151,Senior Statistician (R& D + Clinical)
152,"Director, EU Regulatory Affairs"
153,IT PROJECT MANAGER
154,Senior Product Design Engineer
155,Clinical Research Physician
156,HEALTH ECONOMICS MANAGER
157,Development Scientist
158,Statisticians
159,Senior Medical Writer Regulatory
160,Director Patient Advocacy
161,Head of Marketing
162,Data Coordinator 3
163,Validation Engineer
164,Research Physician 2
165,Project Manager
166,Trainee Sales Rep *3
167,QC Scientist
168,Regional Buisness Manager
169,Health Economics Manager
170,Scientific Advisor
171,CQV Engineer
172,Head of Global PV Compliance & Training
173,Medical Director of PV / QPPV
174,Clinical Relations Specialist (Manchester or Merseyside)
175,Pharmacovigilance Scientist
176,Product Manager
177,Primary Care Representative
178,Global Health Economics and Outcomes Research Manager (Snr)
179,Senior Manager / Associate Director QA (CMO)
180,Lead Scientist (Histology)
181,Key Account Manager Oncology
182,Drug Safety Reporting Specialist
183,Sales Associate medical devices
184,Human Factors Consultant
185,Bi
186,Pharmaceutical Production / Manufacturing Manager
187,Project Data Manager
188,Pharmacist Manager
189,Senior Medical Writer Needed!
190,Regulatory Affairs Senior Manager
191,Disability / Physiotherapy A& E Hospital Medical Sales
192,Graduate Opportunties
193,Germany Endo
194,"Manager, Statistical Programming"
195,Global Forecasting Director
196,Project Managers
197,Clinical Operations (CRA Manager)
198,Head of Drug Safety & Pharmacovigilance
199,Product Evaluation Specialist
200,Account Director (Events)
201,Regulatory Medical Writer Needed!
202,Associate Medical Writer
203,Medical Director
204,Senior Statistical Programmer
205,Lead Programmer
206,Principle Medical Writer
207,Medical Communication Account Manager (Several Needed)
208,Medical Manager
209,Clinical Data Management Project Manager
210,QA Specialist (Systems) 12 Month FTC
211,Graduate Digital Sales Representative
212,Lead Data Engineer
213,SSU & Regulatory Specialist II (Spain)
214,"QA GMP Manager, CMO Management"
215,Business Development Director
216,Programmer
217,Account Director
218,Quality Manager / QM / ISO 13485 / Quality Assurance / QA /
219,Statistical Programmers
220,Wound Care Sales
221,IT Support Analyst
222,Epidemiologist
223,"HEOR, MARKET ACCESS, RWD"
224,Talent Acquisition Specialist
225,*Senior Clinical Trial Associate*
226,Biostatistician
227,Automation Sales Consultant
228,Senior Consultant
229,Principal Statistical Programmer
230,Sales Representative Diagnostics
231,Dental Territory Manager
232,Scientific Project Manager (Jnr PM)
233,PV Systems / Database Specialist
234,Scientific Inside Sales
235,Team Lead
236,Field Service Engineer (Medical Systems)
237,Quality Assurance Manager / Director
238,BIOSTATISTICIAN
239,Senior Account Executive
240,Clinical Data Manager I / II
241,Training and Development Manager
242,Registered Nurse
243,Home
244,"Manager, Biostatistics"
245,Medical Sales Territory Manager
246,HR Specialist
247,Clinical Trial Design Methodology Expert
248,Senior Director Clinical Quality (GCP)
249,IVD & Organic Medical Device Auditor
250,Ophthalmic Surgical Medical Sales
251,"Global Clinical Project Manager, Phase IV"
252,Senior Regulatory Affairs Associate
253,Healthcare Comms
254,Clinical Marketing Specialist
255,Supplier Quality Manager
256,GCP Quality Assurance Associate
257,Head of Quality Operations
258,Regulatory Writing Lead
259,Global Clinical Operations
260,Head of Regulatory Affairs
261,Electrical Field Service Engineer
262,Senior Medical Writing Manager
263,Trial Data Scientist
264,Medical Communitcation Writer
265,Assistant(e)s De Projets Cliniques
266,Hospital Account Specialist
267,Interim Senior Manager QA Operations
268,Account Executive
269,Calling all PV Managers
270,Client Services Director
271,Senior Statistical SAS Programmer
272,Graduate Trainee Medical Sales
273,Head of Quality
274,Manufacturing & R& D QA Engineer
275,Flow Cytometry Sales Specialist
276,Healthcare Development Manager
277,Senior Clinical Research Associate
278,Applications Support Specialist (Scientific Sales)
279,Senior Dosimetrist
280,Medical Information Associate
281,Senior Regulatory
282,QC Analyst
283,Senior Quality Specialist
284,CRA
285,"Senior Project Manager, Med Communications"
286,Vice President Market Access / VP Market Access
287,MSL x 3
288,Senior Research Physician
289,R& D Manager
290,Market Access and BDM Manager
291,Global Observational Project Manager
292,Associate Director of PV Operations
293,Clinical Project Manager (Phase I / Pharmacology)
294,Regulatory Sub (Study Start
295,"Trainee Medical Pharma Sales Representative, Gloucestershire"
296,Medical Sales Representative
297,Systems Requirements Engineer
298,European Sales Manager
299,Process Development Team Leader
300,Senior GC Analyst
301,Clinical Support Specialist
302,Validation Officer
303,SENIOR MEDICAL DIRECTOR
304,Product Marketing Specialist
305,Group Health Economics Manager
306,Director ATMPS Regulatory Affairs
307,QA auditor
308,Senior Pharmacometrician
309,QA / CAPA Manager
310,Technical Sales Estimator
311,Senior Clinical Research Physician/ Principle Investigator
312,Hospital Specialist
313,Medical Affairs Director
314,Scientific Advisor / Scientific Communications Manager
315,Freelance: Medical Director
316,Medical Advisor / Senior Medical Advisor (Oncology)
317,Marketing Coordinator | Life Sciences
318,Qualified Person
319,Clinical Project Administrator
320,Medical Communication Writer
321,Product Specialist. neuromodulation. Lombardia
322,Clinical Nurse Educator
323,"Bids, Tender & Pricing Specialist"
324,Area Sales Manager
325,GCP Quality Assurance Manager
326,Global Regulatory Affairs Senior Planning Specialist
327,"*Clinical Research Associate Or SrCRA (F / M), Home"
328,Therapy Representative
329,Senior SAS Programmers
330,Automation CSV Lead
331,Analytical Scientist
332,Process Technician
333,IT and Digital Marketing Manager
334,Freelance: Senior Clinical Research Associate
335,Clinical Research Associate Needed!
336,Sales Executive
337,Health Economist
338,Senior Regulatory Affairs Specialist
339,AM / AD
340,Junior R& D Project Manager
341,Process Lead Engineer
342,Pharmaceutical Product Manager (m / w)
343,GCP / GVP Quality Specialist
344,Head of Medical Affairs Oncology UK
345,"Contract Clinical SAS Programmer (SDTM focused), Basel"
346,Head Of CMC (Chemistry Manufacturing and Controls)
347,Quality Assurance Consultant
348,QMS Consultant
349,Life Sciences Copywriter
350,Senior Data Manager
351,Scientific Project Manager
352,Regulatory Toxicologist
353,Anti
354,Senior Statistical Programmer UK or Italy
355,Contract Senior Programmer
356,"Account Manager, Medical Communications, London"
357,Territory Sales Manager / Sales Representative
358,Senior Clinical Project Manager
359,Innovation Formulation Manager
360,Applications Administrator I
361,Technical Expert
362,Senior Modelling & Simulation Specialist
363,Homebased: Senior Medical / Regulatory Affairs Consultant
364,Scientific Writer Needed
365,Medical Affairs professional
366,Statistical Programmer II
367,GMP Production Manager
368,Prinicple Consultant
369,QA Manager (GMP / GDP)
370,"Associate Director, Medical Affairs"
371,Clinical Trial Administrator
372,Biomedical Sciences / Microbiology degree? Interested in sales?
373,Niche Market
374,Veterinary Sales Representative
375,Commercial Manager
376,Clinical Relations Specialist
377,Surgical Territory Manager
378,RA / QA Manager
379,Quality Officer
380,Infusion Pumps
381,Head of Food Microbiology
382,Medical Editor
383,QA Assistant
384,Exciting CRA
385,Senior Software Developer
386,Technical Product Specialist
387,Market Research Manager
388,National Sales Team Lead
389,Medical Devices Expert Validation
390,Quality Engineer Regulatory (m / w) in der Schweiz (nahe Bodensee
391,Senior Research Executive
392,CLINICAL CARDIOVASCULAR ADVISOR
393,STATISTICIAN
394,Scientific Director
395,Pharmaceutical Business Intelligence Manager
396,Graduate Medical Device Sales Representative
397,Therapy Area Lead Respiratory / Medical Affairs
398,Qualitative Research Manager
399,Principal Programmer
400,Labelling Associate (12 Month Contract)
401,Medical Research Manager
402,MSL
403,International Sales Role in Diagnostics
404,QA Automation Engineer
405,Medical Affairs Manager / Lead
406,Principal Consultant
407,Medical Science Liaison
408,EU Scientific Communications Manager
409,Sales Territory Manager
410,Clinical Support Technical Specialist
411,"Senior CRA I, Croatia"
412,Bids and Contracts Specialist
413,GMP Production Scientist
414,LEAD SAS PROGRAMMER
415,CRA Manager
416,Senior Business Analyst / Product Owner
417,Head of CMC
418,Marketing Coordinator (Scientific Products)
419,Pharma Product Manager
420,Senior & Principal Statistical Programmers
421,Head of Analytical Method Development
422,Senior CRA
423,Field Service Engineer (Scientific Analytical Systems)
424,Field Sales
425,"Pharmacovigilance Manager, (UK, Surrey)"
426,Junior Account Manager
427,Director PK / PD
428,Global Product Manager
429,Product Manager Benelux
430,Senior Global export Manager
431,Qualified Person (QP)
432,"Director, Business Development"
433,Drug Safety Officer
434,e
435,Senior Drug Safety Associate
436,Global Study Manager
437,Oncology Nurse / Infusional Nurse
438,Senior GCP Auditor / QA Manager
439,Franchise Medical Affairs Lead
440,Field Application Specialist (Sales)
441,Director & Biometrics Team Leader (Oncology)
442,Medical Sales
443,Market Access Manager
444,"QA GMP Specialist, 12 Month Contract"
445,QA PRODUCT SPECIALIST
446,Public Relations: Healthcare Account Executive
447,Healthcare Copywriter
448,Director of Vigilance
449,Senior Phage Display Selection position
450,"Manager, Safety / Pharmacovigilance"
451,Research Physician II (Hexham Hospital)
452,Medical Operations Manager
453,Passive Medical Device Auditor
454,Strategic Planner: Healthcare Advertising
455,Regional Strategic Marketing Manager (Urology
456,ONCOLOGY Biostatistician
457,SAS PROGRAMMER II
458,Entry Medical Writer
459,Healthcare Account Manager
460,Statistical Programmer II / Senior Statistical Programmer
461,Anatomic Pathologist
462,Interim Final Medical Signatory
463,Senior Manager / Associate Director IT Quality Assurance
464,"Senior Project Manager, CMC, Tech Transfer"
465,Clinical Support Manager
466,Senior Regulatory Affairs Associate x2
467,"Senior Manager, Clinical Data Management"
468,Lead Business Development
469,Global Studies Manager
470,International Observational Project Manager
471,Top Healthcare PR Firm
472,Technical Support Specialist
473,Global Mid
474,Quality Compliance
475,"Experienced Medical Pharma Sales Representative, Warwickshire"
476,Market Access Lead
477,"Industrial / Occupational Hygienist, Scotland_Homebased"
478,EMEA Medical Information Manager
479,National Training Manager
480,Global & EMEA Senior Brand Manager
481,Click Here NOW for TOP Regulatory Affairs Roles
482,Customer Success Manager (Drug Safety)
483,Medical Science Manager
484,Field Service Engineer
485,Maintenance Engineer
486,"Senior Manager Global Sourcing, Laboratory Equipment,"
487,Clinical Project Manager / Senior Clinical Project Manager
488,Clinical Nurse Specialist
489,Business Development Manager DS
490,Clinical Research Study Leader
491,Quantitative Clinical Pharmacology / PK
492,Territory Sales Manager
493,Software Eng / Consultant / Algorithm Development
494,Head of Medical Affairs
495,Senior Project Manager
496,*Sales & Marketing Director*
497,Research Manager
498,Senior Portfolio Manager
499,Research Assistant
500,Contracts Manager (Site Budget ) London
501,Senior Quality Compliance Engineer
502,"Director, Clinical Project Management ( Medical Devices)"
503,Head of Operations
504,Qualified Person QP
505,Business Intelligence Manager
506,Senior Associate Market Access
507,Senior Regulatory Consultant
508,FREELANCE: Account Manager
509,Network Sales Specialist
510,CRAs of all backgrounds sought for small CRO
511,Head of Medical Information
512,Senior Statistician (Oncology)
513,Global Clinical Trial Manager
514,TMF Processing Assistant
515,Clinical support specialist
516,"Clinical Research Manager, sponsor dedicated, Germany"
517,Senior Tooling Engineer
518,"QA Manager, Qualification and Validation"
519,Nanoparticle Formulation Scientist
520,Staff Nurse
521,Senior Recruiter Opportunity
522,Complaints Handling Engineer
523,PV Specialist
524,Marketing Co
525,Pharmacovigilance Specialist
526,PR Account Manager
527,SAS Statistical Programmer
528,Clinical Quality Auditing Specialist
529,Managing Consultant
530,"Regulatory CTA Submissions Manager, 12 month contract"
531,Entry Level Medical Advisor
532,Quality / Risk Manager (m / w) in der Zentralschweiz gesucht!
533,Clinical Research Assistant
534,Head of Quality and Regulatory
535,Medical Writer / Senior Medical Writer
536,"Global Regulatory Affairs Manager, EU / ROW"
537,Assistant RP/ Pharmacist
538,Associate Director Clinical Project Management
539,Data Coordinator 1
540,Hospital Regional Account Manager
541,Quality Assurance Officer
542,Senior Reg Associate
543,Interim Senior Clinical Data Manager
544,Global Medical Affairs Expert Oncology Global Oncologist
545,Hospital Key Account Manager
546,PV Systems Specialist
547,MEOR Medical Evidence Manager
548,Market Access Speciality Care
549,EQUIPMENT VALIDATION SPECIALIST
550,Site Contracts Analyst
551,Senior Biostatistician
552,"Account Director, Patient Communications"
553,Senior QA Engineer * Leading Swiss Med Dev Co * French / English
554,Quality Assurance Operations Support Supervisor
555,GLP Study Director
556,Senior Regulatory Affairs Manager
557,Clinical Project Administrator / Senior CPA
558,Int`l Medical Product Manager
559,Senior Analyst
560,Vigilance Reporting Specialist
561,Clinical Project Manager
562,Principal Medical Writer
563,Industrial Engineer Team Leader
564,GCP Specialist
565,Account Manager Healthcare PR
566,"Senior/ Medical Director, CNS"
567,Data Team Lead
568,Senior R& D project engineer
569,Sr Project Data Manager
570,Senior Medical technologist
571,Drug Safety Associate (Operations)
572,QA Validation Engineer
573,SAS Programmer
574,Technical Sales Representative
575,EHS Manager
576,Associate/ Drug Safety Specialist
577,Junior Account Executive
578,Director of Pharmacovigilance
579,Therapy Account Specialist
580,Senior Nurse Advisor
581,QP Pharmacovigilance (QPPV)
582,Head of Clinical Operations
583,Global Project Manager
584,UK Head of Quality Operations
585,Senior PV Manager
586,Staff Scientist (Histology)
587,Senior Risk & Compliance Manager
588,Drug Safety Openings
589,Medical Operations Manager (Hexham or Cardiff Hospital)
590,Administration Officer
591,"Experienced Medical Pharma Sales Representative, Cambridgeshire"
592,Regulatory Affairs Consultant
593,"GDP QA Manager, Hertfordshire"
594,QA Officer
595,Lead Process Engineer
596,Sub Investigator Clinical Trials
597,Biostatisticians / Senior Biostatisticians / Principle Statisticians
598,Sales Specialist Arthroplasty
599,R& D Engineer
600,International Head of Market Access & HEOR
601,Medical Director / Senior Medical Director
602,"Medical Advisor, Haematology, Munich"
603,Healthcare
604,Data Quality Lead
605,Brand Associate
606,QA techician / QC Inspector
607,Clinical Research Physician(GMC registered)
608,"Global Medical Lead, Psychiatry"
609,"Trainee or Experienced Pharma Medical Sales Representative, Bristol"
610,"Senior Clinical Regulatory Affairs Manager, Buckinghamshire"
611,Senior Pharmacovigilance Officer
612,Generic Brands
613,Endo
614,Snr Safety Scientist; Risk Management UK; Oncology
615,Field Service Engineer Lab Automation
616,SDTM Programmer
617,GCP Manager
618,Clinical Administrator
619,Project Management Director
620,Program Assistant
621,"Quality Assurance Contractor / Perm ( UK, Surrey)"
622,Director Medical Affairs
623,EMEAA Brand Manager
624,Hospital Sales Representative
625,"1 year FTC, Clinical Data Manager, CRO"
626,MSL Clinical Projects
627,MEDICAL SALES REPRESENTATIVE
628,Senior Pharmacovigilance Associate
629,Quality Assurance Associate
630,Scientist
631,Graduate Account Executive
632,Global Quality Lead (GLP)
633,Supplier / Product Quality Engineer
634,Medical Copywriter
635,"Regulatory Affairs Manager: Consultant, CMC"
636,Global Pharmacovigilance Quality Systems Manager
637,Junior CRA (TRILINGUAL )
638,Customer Service / Field Service Engineer
639,Clinical / PV Medical Writer
640,Clinical Pharmacokineticist
641,"Account Manager DENTAL , Brussels area"
642,Senior PV Specialist
643,Project Leader
644,Infusion Systems Sales Specialist
645,Director Regulatory Sciences
646,Community Account Manager
647,Head of BD and Licensing
648,Purchaser
649,Pharmacometrician
650,"Experienced Medical Pharma Sales Representative, Leicestershire"
651,"Account Manager, Lab Diagnostics: West Netherlands"
652,Technical Services Manager (Magnets)
653,Head of Regulatory Affairs & Quality
654,Senior Clinical Trials Specialist
655,Regional Sales Manager Iberia
656,Regulatory Information Management Specialist
657,Junior Programmer
658,QA Trainer
659,Marketing Associate or Product Manager
660,SCRA
661,Medical Director Urology / Nephrology EMEA
662,Principal Biostatistician
663,Calibration Engineer
664,Team Leader
665,Senior Sales Executive
666,(QP) Qualified Person (EU)
667,Quality assurance officer
668,Senior HVAC Engineer (design)
669,Clinical Program Director
670,Sales and Business Analyst
671,Medical Scientist Liaison
672,Head of Supplier Quality / Global Supplier Quality management
673,"Data Associate, 3 Month Contract, Manchester"
674,Safety Database Specialist
675,Unique package
676,Regional Medical Advisor North
677,Medical Device Marketing Consultant
678,KAM
679,"Trainee Medical Pharma Sales Representative, Dorset"
680,"Market Development Manager, Lab Diagnostics: Belgium"
681,Sales Account Manager
682,CPM based in South West UK
683,Head of Pharmacometrics
684,TERRITORY SALES MANAGER
685,Validation Manager
686,Business Analyst (HO based)
687,Surgical Territory Manager (Graduate)
688,Marketing Professional
689,Senior R& D Engineer
690,"Healthcare Compliance Manager, UK & Ireland"
691,Product Manager Medical Devices
692,CTA Submission Manager
693,Senior / Principal Health Economist
694,Diagnostic Laboratory Liaison
695,"Dutch speaking, QA Engineer"
696,Drug Safety Database Specialist
697,"Medical Advisor, Oncology"
698,C++ Programmer
699,Freelance Medical Editor
700,Medical Information Officer
701,Wanted: Mass Spectrometry Experience for Global Diagnostics Com
702,German Speaking Validation Engineer
703,GMP Biologics Operator
704,System
705,"Experienced Medical Pharma Sales Representative, Hampshire"
706,Commercialization & Brand Analytics
707,Oncology Team
708,Manufacturing Engineer
709,Technology Transfer Associate
710,Senior Medical Writer / progression to Department Manager
711,Principal Medical Writer / Scientific Team Leader
712,Service Co
713,Nurse / Wound Expert
714,Senior Research Director
715,AD / SAD / CSD level
716,Senior QC Officer
717,International Admin coordinator
718,Freelance Events Manager
719,Quality Engineer Medical (m / w) im Kanton St. Gallen / Schweiz
720,PR Account Executive
721,"Clinical Project Manager, Germany"
722,CLINICAL RISK ADVISOR
723,Senior Investigator
724,Clinical Care Nurse
725,Marketing Coordinator
726,Advertisement Account Director for global company
727,(Senior) Clinical Research Associate
728,Quality Control Manager
729,Senior Account Manager Med Comms
730,Supply Chain Manager(Senior)
731,Editorial Manager
732,Head Process Engineer
733,CRA II / Senior CRA Germany
734,Financial Controller
735,"Associate Director, Healthcare Compliance, EMEA"
736,ICSR Quality Management
737,Senior Manager Clinical Evaluation
738,Software Engineer
739,Specialist Brands KAM
740,Business Performance Analyst
741,Field Service Engineer (MRI / CT Medical Imaging Systems)
742,Freelance Regulatory Affairs Manager
743,IT Systems Solutions Specialsit
744,Design and Development Engineer
745,Graduate Medical Sales Executive
746,"Regulatory Affairs Manager, CMC, Lugano"
747,Pharmacovigilance Physician / Therapeutic Area Lead
748,Regulatory Affairs Associate
749,Regulatory Ecotoxicology Specialist
750,"Senior PV specialist, be a key player at Danish Biotech"
751,Service Sales Associate
752,Senior CMC Data Analyst
753,Senior Medical Information Scientist
754,Surgical Clinical Specialist
755,Global Senior Safety Physician
756,Chef de projet clinique international
757,Supply Chain Coordinator
758,Graduate Medical Writer
759,Global Medical Adviser
760,Senior Sourcing & Network Development Manager
761,Hospital Account Exec
762,Senior Pharmacovigilance Thought Lead
763,Above Country Medical Advisor Haem /Oncology
764,Supply Chain Manager
765,"Sales Manager EP, CRM"
766,Senior Manager
767,PK / PD Modeling and Simulation Director
768,Research Scientist
769,Lab Supervisor
770,Senior Process Design Engineer
771,Part Time Temporary Contract
772,"Business Development Lead, Market Access and HEOR"
773,Senior Clinical Project Manager Needed!
774,Senior Health Economics Manager
775,Service Engineer
776,Start
777,International UK based Medical Regulatory Affairs Associate
778,Senior Supplier Quality Assurance Auditor
779,Head of Production & Process Innovation
780,Global Regulatory Affairs
781,Eye Health Territory Manager
782,Clinical Trial Supply: Clinical Distribution Manager
783,Clinical Risk Advisor
784,Clinical Research Associate II
785,Pharmacovigilance Project Manager
786,Head of Finance
787,QC Officer
788,CSV Engineer
789,Director of Quality Assurance
790,Quality Assurance Manager
791,Process Document Manager
792,Medical Science Liaison / MSL
793,Operational Statistician
794,International Product Manager
795,Sales Training Manager
796,Lab Support and Materials Management Technician
797,Junior MSL (Medical Devices
798,Drug Safety Physician
799,Regulatory Affairs Director
800,Regulatory Quality Officer
801,Apheresis Operations Investigator
802,Big Data Engineer
803,Senior Principal
804,Validation Engineers
805,Product Sales Specialist
806,Regulatory Compliance Specialist
807,Laboratory Analyst
808,ASSOCIATE DIRECTOR
809,"Experienced Medical Pharma Sales Representative, Gloucestershire"
810,Clinical Trials Assistant
811,Interim Senior Medical Manager
812,Director of Health Economics
813,Quality Manager (QMS)
814,Territory Account Manager
815,International Sales Representative Diagnostics
816,*CRA or Senior CRA (f / m)
817,Software Engineering / Senior Software Engineer
818,Tech Transfer Manager
819,Sr SSU & Regulatory Specialist (Spain)
820,Clinical Consultant/Specialist
821,Healthcare Lab Technician for Biggest Healthcare Provider in CZ
822,Senior Java Developer | Java Engineer | J2EE Developer
823,Clinical Safety Coordinator
824,HR Payroll Specialist
825,Medical Devices Hospital Sales
826,Technical Specialist
827,Senior clinical research associate
828,Sales Manager
829,Are You a Post Doctoral Fellow? Medical Writer position
830,Medical Statistician
831,Inside Sales Executive
832,Global Head of Government Affairs
833,Customer Account Specialist
834,Head of Marketing Communications Manager
835,Digital Content Specialist
836,"Experienced Primary Care GP Medical Pharma Sales Rep, Surrey"
837,PhD. in Genetics and ready for a Fantastic Sales Career?
838,Engineering Support Technician
839,MEDICAL SCIENTIFIC LIAISON
840,Market Access
841,Clinical Trials Technician
842,Events Account Manager
843,Electrical Field Service Engineer (Industrial Systems)
844,Regulatory Submissions Coordinator
845,Quality Engineer medical devices
846,Experienced Biostatistician
847,"Qualified Person (QP), Site Head of Quality"
848,Senior Medical Information Specialist
849,QA Manager GCP
850,Equipment Validation Specialist
851,Regulatory Principal Consultant
852,Product and Market Access Manager
853,Field Service Engineer (CT / X
854,Bioscience Team Leader
855,"Project Coordinator, Spain"
856,Senior / Lead Process Engineer
857,*Senior Medical Writer
858,Clinical Research Nurse 1
859,Surgical Energy TM
860,Research and Development Specialist
861,Quality Assurance Manager (Medical Devices)
862,Statistician (Non
863,"Account Director Medical Education, London"
864,Biosimilars Project Lead in a state of the art start
865,Regs Manager (CTA submissions) 12 month contract
866,Oncologist / Haematologist Professional
867,"Drug Safety Manager, London"
868,Project Manager (Pre / Post Launch)
869,Quality System and Embedded Software Validation Consultant
870,Statistical Science Director
871,Director of Clinical
872,Auditor (On site GLP and GCP Audits)
873,Senior Product Manager
874,Health Technology Assessment Manager (HTA)
875,GMP Scientist
876,Supplier Quality Engineer
877,Surgical Nurse Advisor
878,Quality Systems Specialist
879,"Senior Medical Writer, London"
880,Senior Quality Manager (GMP)
881,Active & Software Medical Device Auditor
882,"Pharmacovigilance Director (UK, Surrey)"
883,AWC
884,Head of Statistical Modelling & Simulation Services
885,Principal SAS Programmer
886,Talent Development Partner / Organisational Development Manager
887,Associate Medical Publication Manager
888,EMEA Clinical Training Manager
889,Senior Medical Liaison Manager
890,"Senior Medical Science Liaison, Germany"
891,Be the new face of Bio
892,Market Access Strategy Manager
893,Sales Engineer
894,HEOR
895,"Trainee Medical Pharma Sales Representative, Hampshire"
896,Clinical Scientist
897,HR Assistant
898,Automation Engineer
899,Team Lead Safety Science
900,Analytical Chemist
901,Lead Validation Manager
902,Drug Safety Associate Scotland
903,Reliability Engineer
904,Graduate Drug Safety Specialist
905,"Snr Safety Physician, Safety Evaluation & Risk Management, Onco"
906,Therapy Account Specialist Diabetes
907,Manager
908,Global Medical Manager / Advisor
909,HR Advisor
910,Medical Affairs Manager Oncology
911,Senior Regulatory Affairs CMC Manager
912,Senior Auditor (GCP) Perm vacancy with some Home Working.
913,Senior Regulatory Affairs Consultant
914,Ass. Director of Pharmacovigilance (PV) Operations
915,QC Project Manager
916,Clinical Trials Management Associate
917,Medical Technologist
918,Production Manager
919,Supply Chain Planner
920,Director Regulatory Affairs
921,Customer Service Engineer
922,Local Account Manager
923,Drug Safety Asociate
924,Start up Specialist II
925,Brand Manager
926,Product Development Engineer
927,"Senior Clinical Trial Leader, Germany, Home Based"
928,__ Anatomic Pathologist
929,KEY ACCOUNT MANAGER
930,Pharmacovigilance Director
931,Sales Representative
932,Field Service engineer
933,General Manager / Managing Director Designate
934,Senior Manufacturing Engieer
935,Principal GCP Consultant
936,National Key Account Manager
937,"Account Manager DENTAL , Limburg area"
938,Assistant QA Manager
939,Clinical Support Worker (12 month contract)
940,Senior Mechanical Engineer
941,HR Coordinator
942,Project Coordinator
943,Key Account Manager Paris Area
944,Sales Director Crop Protection / Agrochemical Germany
945,"Experienced Medical Pharma Sales Representative, Dorset"
946,Looking for a new Challenge? International Diagnostic Sales Man
947,Sales Representative (Infection Prevention)
948,Business Intelligence Analyst
949,EDITORIAL MANAGER
950,Deputy QA Manager or Senior QA Specialist
951,PV Physician
952,Compliance expert
953,Medical Affairs
954,Team Lead Programmer
955,"Business Development Rep, Sequencing & Gene Synthesis, North Germany"
956,Cyber Security Engineer
957,Technical and Sales Support Executive
958,Director of Regulatory Affairs (Medical Devices)
959,"Principal Medical Writer, London"
960,QA Engineer
961,Business Development Director Toxicology
962,Office Coordinator
963,HOSPITAL SALES REPRESENTATIVE
964,Brand Marketing Manager
965,Clinical Research Physician (Entry Level)
966,Graduate Medical Sales Representative
967,EMEA Export Manager
968,Medical Writer (Safety Documentation)
969,Downstream Process Scientist
970,Senior QA Officer (24 / 7)
971,Senior Manufacturing Engineer x2
972,Director Of Pharmacometrics
973,Junior CRA
974,B2B / OEM Sales Executive
975,Associate Editorial Director
976,"Director, Regulatory Affairs EU/International"
977,Clinical Trials Pharmacist
978,Senior IT QA / CSV Manager
979,Primary Care Specialist
980,Business developer
981,Pharmacovigilance Manager
982,German
983,Healthcare Partnership Manager
984,UK / Ireland Market Development Manager
985,Regulatory Senior Contract Pharma
986,Field Service Engineer (Gas Detection Systems)
987,"Senior / Principal Statistician, Hungary"
988,Head of Oncology
989,CSV Compliance Consultant
990,Business Insight Analyst
991,Biotechnologist
992,"STATISTICAL PROGRAMMER II, UK"
993,X
994,"EMEA Medical Director, Neurology"
995,PV Auditor
996,Maintenance Engineer (Electrical Bias)
997,Eyewear Area Sales Manager
998,Senior Regulatory Associate
999,MSL / Oncology / London
1000,Patient Advocacy
1001,Computerized Systems Quality Specialist
1002,Business Manager (Pharmacy)
1003,Research Physician
1004,Diets Sales Manager
1005,Data Coordinator 2
1006,Clinical Study Manager
1007,Medical Science Liaison (MSL)
1008,Sales Application Specialist
1009,Regulatory Affairs Manager (CMC)
1010,Senior Market Access Strategy Manager
1011,Clinical Data Project Manager
1012,Regulatory Affairs Specialist (Reach)
1013,Entry Level Position
1014,Hospital Representative
1015,Head of Pharmacovigilance & Drug Safety
1016,Pharmacovigilance Associate
1017,Registered Adult Nurse
1018,Product Development Manager
1019,Head of Manufacturing and Production
1020,Pharmaceutical Sales Representative
1021,Validation
1022,Senior Training Executive
1023,Global Expert Clinical Development
1024,Quality assurance Specialist
1025,Patient Access Manager
1026,Principal SAS Programmer with management development
1027,"Experienced GP Primary Care Pharma Sales Rep (resp), Devon & Cornwall"
1028,Clinical Data Reviewer
1029,Head of Communications
1030,Graduate Health Economist
1031,Senior Food Innovation Scientist
1032,Data Manager
1033,Global Key Account Manager in Bavaria
1034,Community / Primary Care Account Manager
1035,Moving & Handling Medical Sales
1036,Key Account Specialist
1037,Head of Pharmacovigilance /Affiliate Safety Representative
1038,Contract Clinical Study Manager
1039,Clinical Services Manager
1040,PV Manager
1041,Senior / Principal Medical Writer
1042,Tissue Operations Expert
1043,Consultant Regulatory Strategy
1044,Senior Scientist Sports Screening
1045,Account Manager * Healthcare PR
1046,Genetics / Genomics Doctorate Done and now ready to go Commercial
1047,Technicial Specialist
1048,Senior Project Engineer
1049,Project Clinical Data Manager
1050,Junior Study Manager
1051,"Sales Coordinator, (Chemical / Automotive) Germany and Asia"
1052,Clinical Quality Manager
1053,Therapy Area Specialist
1054,Marketing Product Manager
1055,Senior Medical Information Officer
1056,A& E /Cardio
1057,Engineer
1058,Clinical Lead Liaison Manager for Consultant Surgeons
1059,Anaemia Business Manager
1060,Senior / Principal Data Manager
1061,Senior BD Director
1062,Associate Principal Scientist Biostatistics / Bioinformatics
1063,QC Section Manager
1064,Field Sales Trainer
1065,Feasibility Specialist
1066,Senior PV specialist Growing Biotech
1067,"Principal, Tech Solutions"
1068,Healthcare Public Relations / Account Director London
1069,Toxicologist Associate
1070,Registered General Nurse
1071,"Vice President, Business Development, Generics Out"
1072,Entry Medical Advisor
1073,Senior Bio
1074,Graduate Sales Representative
1075,Scientific Advisor (MSL)
1076,"Clinical Lead Manager, home or office"
1077,QC LIMS Specialist
1078,Germany Bi
1079,CSV Validation Specialist
1080,Strategy & Operations Consultant / Senior Consultant Life Sciences
1081,National Sales Manager Spain
1082,Sales Director. develop a start up in telemedicine
1083,Account Manager. strong client portfolio. Veneto
1084,SUPPLY AND DEMAND PLANNER
1085,Application Specialist
1086,IT Specialist
1087,Market Access & Pricing Manager
1088,Commerciale per microinfusori. Veneto
1089,Opportunita' imperdibile per un Senior Scientist!
1090,Hospital KAM
1091,Junior Project Manager per azienda Medical Devices
1092,HEALTHCARE DEVELOPMENT MANAGER
1093,DEMAND PLANNER
1094,Formulation Scientist
1095,Therapeutic Area Lead
1096,Associate eTMF Specialist
1097,Interim (Senior) Clinical Science Manager
1098,Regulatory Affairs Associate Director
1099,General Manager
1100,Global Category Manager
1101,Clinical Specialist
1102,National Account Director
1103,Senior Analytical Scientist
1104,CRM Manager
1105,Junior Formulation Scientist
1106,Java Developers
1107,FIELD SALES REPRESENTATIVE
1108,Business Manager
1109,Project Manager per azienda Medical Devices
1110,"Director, Global Client Executive"
1111,Responsable de zone
1112,Senior / Principal Data Standards Advisor (SDTM / MEDITATA RAVE)
1113,German sp QA Manager
1114,DIRECTOR MARKET ACCESS MEDICAL WRITER
1115,Clinical Research Nurse Manager
1116,Senior Lead Clinical Data Manager
1117,Oncology
1118,SENIOR CONSULTANT MARKET ACCESS MEDICAL WRITER
1119,Statistical Methodology Expert
1120,Clinical Research Director
1121,Project Lead Statistical Programmer
1122,"International Clinical Project Manager, Phase II / III"
1123,Prinicipal Research Physician
1124,Formulation LAB MANAGER
1125,QA Officer (Batch Release)
1126,"Senior Project Manager, Top Tier Pharma"
1127,"Assoc Dir, Process and Training Optimisation (Medical / Clinical)"
1128,"(Senior) Clinical Trial Assistant, sponsor dedicated, Germany"
1129,Study Start
1130,Field Sales Engineer
1131,Quality Assurance Manager GCP
1132,Regulatory Affairs
1133,Quality Assurance Specialist
1134,Clinical Research Nurse Manager (Thames Valley)
1135,"Country Submission Specialist II, Poland"
1136,Laboratory Technician
1137,Operations / Factory Manager
1138,Market Access Director
1139,Contract CRA
1140,Call Monitor Analyst
1141,Senior Clinical project manager
1142,CRA / Senior CRA
1143,CRA II / Clinical Research Associate II
1144,Continence Care Nurse
1145,Lead Clinical Data Manager
1146,"Regulatory Lead, Biologics, Basel"
1147,Quality Analyst
1148,Senior Clinical Trial Manager
1149,Clinical Trial Project Manager
1150,Programming Project Lead
1151,IT Business Analyst
1152,Biomarker Operations Project Manager
1153,"Interim Clinical Scientist, Europe"
1154,Principle Cellular Pharmacologist
1155,Director of Market Access
1156,Clinical Research Scientist
1157,Data Managers / Data Team Lead / Data Management Project Manager
1158,Facilities Engineer
1159,Lead Production Scientist
1160,"Senior / Principal Statistician, Poland"
1161,"Global Director, Clinical Development Infectious Disease"
1162,(Senior) Training Manager
1163,E
1164,"Danish speaking, QP trainee"
1165,Vector Upstream Development
1166,SAFETY SPECIALIST I
1167,Senior Clinical Research Associate/Clinical Research Associate
1168,Senior DMPK Scientist
1169,Commercial Strategy Leader
1170,"Clinical Trainer, Theatres"
1171,Clinical Research Associate II or Senior CRA (Germany)
1172,Junior Regulatory Affairs
1173,Lead Hardware Engineer
1174,Trainee Technical Support
1175,Safety Specialist II
1176,International Buyer
1177,Primary Care Business Development Manager
1178,"Field Service Engineer, Germany"
1179,Snr Health Economist
1180,Project Specialist / Senior Project Specialist
1181,Senior Medicinal Research Chemist
1182,Home Based Medical Education Manager
1183,Phage Display Scientist
1184,Product Application Specialist
1185,Medical Publication Manager
1186,"Principal Statistical Programmer, Poland / Hungary"
1187,R& D Project Manager
1188,Group Leader
1189,Sales Manager Electrophysiology
1190,Senior Data Manager / Team Leader
1191,Submission Specialist
1192,Global Study Lead
1193,Patient Services Coordinator
1194,Quality Director
1195,"EHS Coordinator, 130kCHF, Haag"
1196,"Senior Regulatory Consultant, CMC"
1197,Residues Regulatory Manager
1198,Oncology Commercial Manager
1199,Masters / PhD Graduate in Chemistry
1200,NHS Partnership Manager
1201,Head of Regulatory / Medical Writing
1202,Immunoassay Research Scientist
1203,"Senior Manager Supply Chain, Fast Growing Pharma"
1204,Sr Sponsor Contracts Analyst
1205,Patient Support Nurse
1206,Quality Planner
1207,Diabetes Care Outcome Specialist
1208,Senior Qualified Person
1209,Lab Assistant II Biotech
1210,CRA Line Manager
1211,Senior Process Engineer
1212,Lead Python Backend Engineer
1213,Regulatory Affairs Expert (Crop Protection)
1214,Sterile / Biotech Qualified Person
1215,Regulatory Manager
1216,HEALTHCARE PARTNERSHIP / DEVELOPMENT MANAGERS
1217,"Senior Scientist / Senior QC Analyst, Small Molecules"
1218,Marketing Executive
1219,CTA
1220,Clinical Application Specialist
1221,Senior Procurement Analyst
1222,Senior Medical Technologist
1223,"Global Senior Regulatory Officer, Biologics / Steriles"
1224,Biosimilars Account Manager
1225,Senior Research Nurse
1226,Senior Data Manager / Data Manager
1227,Laboratory Assistant II
1228,Research Analysts
1229,Principal Robotics Software Engineer
1230,Regulatory Clinical Trial Application Submission Manager
1231,Deputy QP
1232,Regulatory & Product Safety Manager for Market Leading Company!
1233,Regulatory Officer / Scientific Writer
1234,Account Manager Cardiac Electrophysiology
1235,Regulatory Executive
1236,CONTRACT Global Regulatory Affairs Coordinator
1237,Senior QP
1238,Labelling Operations Manager / Associate Director
1239,Trial Master File Lead
1240,"Hospital Secondary Care Pharma Sales Rep (CV), Hants / Dorset"
1241,"Junior Statistical Programmer, LEEDS"
1242,Healthcare Lab Technician for the Biggest Healthcare Provider
1243,Operating Theatre Endo
1244,Head of Regulatory Affairs (Pharmaceuticals)
1245,"Regulatory Affairs Manager, Sussex"
1246,Research Nurse 2
1247,EHS Coordinator
1248,Senior Country Submission Specialist
1249,Visual Inspection Specialist
1250,Clinical Consultant / Specialist
1251,MRI Field Service Engineer
1252,Deep Learning Engineer
1253,Partnership Manager
1254,Freelance Account Manager / Account Director
1255,Clinical Research Nurse
1256,Trainee QP (Qualified Person)
1257,Associate / QC reviewer
1258,Sales Representative Medical Devices
1259,EP
1260,Quality Control Technical Support
1261,R& D Specialist
1262,QA / RA Officer
1263,Protocol Data Manager
1264,Medical Quality Projects Operations Lead
1265,Senior Project Manager per azienda Medical Devices
1266,Head of Regulatory Affairs &amp; Quality
1267,"Part Time Account Manager (nutrition, 10am"
1268,Product Specialist Medical Device / IVD
1269,Health Economic Modeler
1270,Brand Director
1271,Market Access Consultant
1272,Global Clinical Affairs and Regulatory Manager
1273,SENIOR SCIENTIST
1274,"Cataract / Dry Eye Surgery, KOL Hospital Medical Sales / BDM"
1275,Ophthalmic Capital Equipment Medical Sales Advance to Team Leader
1276,"Senior SSU , Regulatory Specialist"
1277,Business Development Senior Director
1278,"Compliance Coordinator, EUCA (Part"
1279,"Account Director Healthcare Communications, Manchester"
1280,Senior Account Director
1281,Senior Accounts Executive (PR) Medical Education Agency
1282,Senior Associate Reg Systems And Process Management
1283,Senior Global Health Economics Function Leader
1284,Southern Hospital Business Manager
1285,Senior Training Manager
1286,Graduate Account Manager
1287,HTA / Health Economics Manager
1288,Hospital Sales Specialist
1289,Surgical Sales Specialist
1290,EMEA Brand Director
1291,TM Industrial Sales
1292,Medical Education: Healthcare Senior Account Executive
1293,Recruitment Consultant / Sales Executive
1294,Tech Transfer Lead (12
1295,Account Manager Surrey / Hants
1296,Metallographic Sales Specialist
1297,Medical Information Manager
1298,Method Coordinator I
1299,Healthcare Public Relations Account Manager
1300,"Trainee or Experienced Medical Pharma Sales Representative, Surrey"
1301,"Data Manager, Medical Devices (Scotland)"
1302,Laboratory Technician Apprentice
1303,C# Developer
1304,Entry to Regulatory Affairs
1305,Senior Quantitative Project Manager
1306,Team Leader for International Regulatory Affairs
1307,R&amp; D Manager
1308,Electronics Engineer
1309,Junior R&amp; D Project Manager
1310,Clinical Laboratory Technician 12 month contract
1311,Labelling Support Specialist
1312,Graduate Field Sales
1313,Packaging Developer
1314,Medical Education: Healthcare Account Executive
1315,"Senior / Principal Statistical Programmer, Germany"
1316,Product Associate / Product Specialist
1317,Sales Manager Electrophysiology (EP)
1318,Junior Account Director
1319,Medical Quality Oversight Projects and Operations Specialist
1320,QMS Specialist
1321,"Senior Global Trial Managers, roles will be homebased in the UK"
1322,"Clinical Trial Liaison Manager, Field Based, Europe"
1323,CRA II/ Senior CRA (oncology experience)
1324,Senior &amp; Principal Statistical Programmers
1325,Call Centre Representative
1326,Trainee Statistician
1327,Quality Engineer / complain handling
1328,"Bids, Tender &amp; Pricing Specialist"
1329,Design Assurance Engineer
1330,Exciting Graduate Marketing Opportunity
1331,Medical Information and Safety Specialist
1332,Principal Data Manager
1333,Logistics Associate
1334,Surgical Account Manager
1335,"Associate Director, Regulatory Affairs, Global CMC"
1336,Senior Clinical Manager
1337,Clinical Product Manager
1338,Preclinical Biochemist
1339,"Healthcare Compliance Manager, UK &amp; Ireland"
1340,PRINCIPAL CONSULTANT
1341,Disability / Physiotherapy A&amp; E Hospital Medical Sales
1342,Key Account Manager Northern Scotland
1343,Urology Key Account Manager
1344,"Trainee or Experienced Medical Pharma Sales Representative, NE London"
1345,Sample Coordinator III
1346,"Trainee or Experienced Medical Pharma Sales Representative, E Sussex"
1347,Trainee Inside Sales | Biotech &amp; Pharma | German Speaking
1348,Moving &amp; Handling Medical Sales
1349,IT Business Partner
1350,Territory Sales Representative
1351,Project Director / Account Director
1352,Excellent Graduate Opportunity
1353,Medical Sales Associate
1354,Customer Support Representative
1355,Medical Education * Account Manager
1356,National Sales Manager
1357,Territory Business Manager
1358,"Trainee or Experienced Pharma Medical Sales Rep, Forth Valley"
1359,Key Account Manager East Anglia and North London
1360,Study Coordinator III (Immunology &amp; Immunotoxicity)
1361,Senior Business Analyst
1362,"Business Development Rep, Sequencing &amp; Gene Synthesis, North Germany"
1363,Account Director / Senior Account Director
1364,Senior Business Development Lead
1365,Regional Account Manager
1366,Global Regulatory Affairs CMC Team Lead
1367,Temporary QMS Manager (Maternity cover)
1368,"Territory Manager, Medical Devices, Wellington, New Zealand"
1369,Social Media Strategist
1370,Senior Risk &amp; Compliance Manager
1371,"Manager, SSU &amp; Regulatory"
1372,Clinical Research Nurse I (Day Shift)
1373,Contract Specialist
1374,Oncology Brand &amp; Customer Manager
1375,Clinical QA Expert
1376,Export Manager
1377,Clinical Outsourcing Manager
1378,Senior Manager Regulatory Strategy
1379,International Clinical Project Manager
1380,Senior / Principal CRA
1381,Principle Scientific Technical Specialist
1382,Area Trade Marketeer
1383,Immunoassay Product Manager
1384,"Senior Manager, Operational Study Optimization"
1385,Senior Pharmacovigilance Scientist / Deputy QPPV
1386,Lead Scientist
1387,Contract Project Data Manager
1388,Study Director
1389,Senior Study Director
1390,Financial Accountant
1391,Medical Information Advisor
1392,"QA Officer, 9 Month Contract, Maidenhead"
1393,Metrology Technician III
1394,Quality Management Specialist
1395,Quality Associate
1396,*Sales &amp; Marketing Director*
1397,CSV / Computer Systems Validation Engineer
1398,Pharmacokineticist I
1399,Project / Implementation Managers
1400,UK Corporate Affairs Manager
1401,Senior Statistician (R&amp; D + Clinical)
1402,Veterinary Clinical Pathologist
1403,Training &amp; Technical Support Specialist
1404,Project Engineer
1405,Senior Modelling &amp; Simulation Specialist
1406,Creative Senior Medical Writer
1407,Active &amp; Software Medical Device Auditor
1408,Clinical Project Data Manager
1409,Head of Drug Safety &amp; Pharmacovigilance
1410,Regulatory CMC Lead
1411,A Media Fill Validating Specialist
1412,Proposal Manager
1413,(Senior) CRA
1414,Clinical Psychologist
1415,Clinical Data Manager / Scientist
1416,Quality Director &amp; QP
1417,Quality Operations Manager
1418,Recruiter / Talent Acquisition Specialist
1419,Senior Clinical Trials Associate
1420,GCP Auditor (H / F)
1421,"Industrial / Occupational Hygienist, South UK_Homebased"
1422,Clinical Programme Head
1423,Health Economics Consultant
1424,Global Regulatory Specialist
1425,PR AE
1426,Microbiology Technologist
1427,Regulatory Operations Team Leader
1428,Quality Systems Associate
1429,Medical Information &amp; Safety Specialist
1430,Field Engineer
1431,Director / Head of Global Regulatory Affairs
1432,Senior Global Clinical Project Manager
1433,Clinical Evidence Associate
1434,"Product Trainer / Territory Manager, Audiology, Wellington, NZ"
1435,Trainee Statistical Programmer
1436,CMC lead
1437,Product Specialist/ Audiologist
1438,Copywriter
1439,"Manager, Clinical Management"
1440,Director of Global Health Economics and Outcomes Research
1441,Research Associate II
1442,R&amp; D Engineer
1443,"Associate Manager, Data Management"
1444,Senior Compliance Manager
1445,Senior Quality Assurance Auditor
1446,Oncologist Clinical Development
1447,Marketing Associate
1448,QA / Validation Engineer
1449,Laboratory Technician Apprenticeship
1450,PHARMACOVIGILANCE SPECIALIST WITH LANGUAGES
1451,Quantitative Senior Research Executive
1452,Head of Market Access &amp; Pricing
1453,Events Manager
1454,(Senior) Principal Statistician
1455,Senior Research Executive / Research Manager
1456,COBWEB Systems Trainer (Urology)
1457,Proposal RFI Development Manager
1458,Pharmacovigilance Physician
1459,QA Specialist
1460,"Territory Manager, Medical Devices, Christchurch, New Zealand"
1461,Document Management Associate
1462,Engineering Compliance Specialist
1463,Protein Scientist
1464,R&amp; D Device and Packaging Engineer
1465,Global Regulatory Affairs Associate
1466,Sales Director. innovative start up. Italy
1467,"Associate, Scientific Communications"
1468,Senior Biostatistical Programmer
1469,Quality Lead (QP / Trainee)
1470,Senior / Lead SAS Programmer
1471,Vaccine Account Executive
1472,Bioscience Lab Manager
1473,Technical Director
1474,Principal Medical Writer UK
1475,"Regulatory Affairs Manager, Central Switzerland"
1476,Consultant Statistical programmer
1477,Senior Quality System Lead
1478,HTA Manager
1479,Senior Editor
1480,Sr SSU &amp; Regulatory Specialist (Spain)
1481,Drug Safety Specialist
1482,Senior R&amp; D Engineer
1483,Senior Bid Manager
1484,Data &amp; Quality Manager
1485,Process Compliance Manager
1486,(Senior) Clinical Study Manager
1487,Clinical Site manager II
1488,Scientific Team Lead
1489,Software Developer
1490,Medical Director Immuno
1491,Large CRO
1492,Laboratory Manager (HCPC registered)
1493,Procurement Specialist
1494,Purchasing Team Leader
1495,"Associate Director, EMEA Health Economics &amp; Outcomes Research"
1496,Quality Control Specialist
1497,Primary Care Account Manager
1498,Animal Care Associate
1499,Clinical Study Facilitator
1500,Head of Global PV Compliance &amp; Training
1501,Sr CRA II
1502,Laboratory Scientist
1503,Senior R&amp; D project engineer
1504,Quality Assurance Assistant
1505,Chief Medical Officer
1506,SSU &amp; Regulatory Specialist II (Spain)
1507,Senior SAS Programmer
1508,Senior RA / QA Specialist
1509,Trainee Medical Writer
1510,Biotech
1511,CRA II / Site Manager
1512,Compliance Associate
1513,Biomedical Scientist (HCPC Registered)
1514,Surgical KAM
1515,Regional Nurse Manager
1516,Account Manager (Market Access)
1517,Key Account Manager Onkologie
1518,A&amp; E /Cardio
1519,Surgical Sales Manager
1520,Account Manager (Heart Valve Therapy)
1521,Great second jobs for medical writers
1522,"GP Pharma Primary Care Medical Sales Rep, S London"
1523,QA Auditor II
1524,"Brand Director, OBG UK &amp; Ireland"
1525,Data Integration Engineer
1526,Freelance Clinical Research Associate
1527,Finance Analyst
1528,Contract Medical Writer
1529,Principal Statistician / Statistical Science Director
1530,Snr Medical Writer
1531,Recent Graduate
1532,DHF Remediation Project
1533,Medical Writer (All Levels)
1534,Clinical Research Associate (CRA II)
1535,"Key Account Manager, Ethical Sales"
1536,Senior Systems Engineer
1537,Market Manager
1538,Graduate Scientist
1539,Bioprocess Scientist
1540,Reliability Technician
1541,Manager Clinical Regulatory Affairs
1542,Industrial Cleaning Operative
1543,Regulatory Officer in Belgium
1544,Document Management Specialist
1545,IVD &amp; Organic Medical Device Auditor
1546,Finance Manager
1547,Head of Chemically Defined Media Development
1548,"Product Trainer / Territory Manager, Audiology, South Island, NZ"
1549,SSU &amp; Regulatory Specialist II
1550,Associate Quality Specialist Quality Control
1551,Principal Clinical Data Manager UK
1552,Buyer
1553,Head of Statistical Modelling &amp; Simulation Services
1554,Artwork and Packaging Project Manager
1555,Clinical Physician
1556,Laboratory Operations Supervisor III
1557,Freelance
1558,MS Infusion Nurse
1559,"Junior Project Manager, Product Launch"
1560,Sourcing Manager
1561,Laboratory Operations Supervisor II
1562,R and D
1563,CRA II / Senior CRA
1564,Key Customer Manager
1565,Nurse Advisor Part Time
1566,Professional Relations Manager
1567,Senior SC Manager
1568,BAVARIA
1569,"Director, Regulatory Affairs EU / International"
1570,Pharmaceutical Materials Manager
1571,"Executive Director, Medical Affairs Europe"
1572,Director &amp; Biometrics Team Leader (Oncology)
1573,"Clinical Operations Manager, Senior"
1574,Technical Specialist II
1575,Clinical Research Associate II / CRA II
1576,Laboratory Scientist IIA
1577,Freelance SCRA in Spain
1578,TMF Strategic Manager
1579,R&amp; D Project Manager
1580,Senior Clinical Research Associate / Sr CRA
1581,Bioinformatician
1582,Sales
1583,Account Specialist
1584,"Study Start Up Coordinator, France"
1585,Sales Exec
1586,"Study Start Up Coordinateur, France"
1587,"Trainee or Experienced Pharma Medical Sales Rep, Portsmouth"
1588,Technical Sales Specialist
1589,Medical Sales Executive
1590,IV Needle Free Access Medical Sales Infusion Hospital
1591,ACCOUNT MANAGER
1592,Sales Leader
1593,"Trainee or Experienced GP Pharma Sales Rep, Bath / Swindon / Wilts"
1594,Sports Med Territory Manager
1595,KEY ACCOUNT SALES SPECIALIST
1596,Infant & Paediatric Rep
1597,"GP Pharma Primary Care Medical Sales Rep, Cambs / Northants"
1598,Trainee Sales Rep *2
1599,Inside Sales Specialist
1600,B2B Sales Manager Europe
1601,Business Development Manger Woundcare
1602,"GP Pharma Primary Care Medical Sales Rep, Suffolk"
1603,"Trainee or Experienced Pharma Medical Sales Representative, Somerset"
1604,Pharmaceutical Solutions / Concepts Sales Manager + Senior KOL Liaison
1605,Trainee Medical Sales
1606,Trainee Technical Sales Associate | Chromatography Consumables
1607,"Trainee or Experienced Pharma Medical Sales Rep, Thames Valley"
1608,Cardio
1609,Head of UK Sales & Business Development
1610,2 X Account Director / Project Director
1611,"Trainee or Experienced Medical Pharma Sales Rep, North Yorks"
1612,Area Business Manager
1613,Key Account Manager South London and South East
1614,"Trainee or Experienced Pharma Medical Sales Rep, Bath / Swindon / Wilts"
1615,Account Manager / Territory Sales Manager
1616,Director Business Development
1617,"GP Pharma Primary Care Medical Sales Rep, Devon / Cornwall"
1618,Account Manager | Medical Devices
1619,"Trainee or Experienced Pharmaceutical Sales Rep, Wiltshire"
1620,UK Business Development Manager
1621,MEDICAL SALES REPRESENTATIVES
1622,Critical Care Hospital Representative
1623,Territory Manager (woundcare medical devices) x 2
1624,Sales Account Manager Analytics
1625,Biologic Account Specialist
1626,"Trainee or Experienced Pharma Medical Sales Representative, Dorset"
1627,"GP Pharma Primary Care Medical Sales Rep, Herts / Beds"
1628,Sales Trainer
1629,Orthopaedic Sales Manager
1630,Pharmaceutical Sciences Scheduling Coordinator
1631,Associate Director Solution Sales
1632,"Trainee or Experienced Medical Pharma Sales Representative, Sheffield"
1633,"Sales Coordinator, First in Wiesbaden!!_ Go Global"
1634,Medical Sales Specialist
1635,Hybrid Representative
1636,Regulatory Affairs Coordinator
1637,Trainee Territory Manager
1638,Clinical Project Coordinator
1639,Study Coordinator II
1640,Senior Key Account Manager
1641,Regional Business Manager South
1642,"Sales Representative 30, 000"
1643,"Trainee or Experienced Pharma Medical Sales Rep, Kent"
1644,"Hospital / Secondary Care Pharma Sales Specialist (CV), S London"
1645,Senior Site Coordinator
1646,Junior Product Manager
1647,Advanced Surgery Account Manager
1648,"Medicinsk frsljning, sjukhusvrd. Sweden Medical Hospital Sales"
1649,Primary Care Sales
1650,Key Account Executive
1651,National Policy Programme Manager
1652,Associate Sample Coordinator
1653,Medical Devices Sales
1654,National Business Manager
1655,Territory
1656,"GP Pharma Primary Care Medical Sales Rep, Kent"
1657,Senior Area Business Manager
1658,Medical Sales Account Executive
1659,Assistant Product Manager
1660,"Trainee or Experienced Pharma Medical Sales Rep, Cornwall"
1661,Oncology Key Account Manager
1662,Sales Associate
1663,Area Sales Representative
1664,"Trainee or Experienced Pharma Medical Sales Rep, Gloucestershire"
1665,"Cardiovascular Territory Manager, South West London"
1666,BD Director CRO
1667,Account Manager Stability Storage up to 45k
1668,Senior Account Executive / Account Manager
1669,Business Peformance Analyst
1670,Key Account Manager South West and South Central
1671,"Trainee or Experienced Pharma Medical Sales Representative, Devon"
1672,Business Development Executive
1673,"Trainee or Experienced Medical Pharma Sales Representative, Leeds"
1674,Dental Remote Account Manager
1675,Sales Capability Development Exec
1676,Medical Writer + Business Development
1677,"GP Pharma Primary Care Medical Sales Rep, Norfolk"
1678,Trainee Inside Sales | Biotech & Pharma | German Speaking
1679,Critical Care Sales Rep
1680,Excellent Wound Care Account Manager opportunity
1681,NHS Hospital Sales
1682,HEALTHCARE SALES REPRESENTATIVE
1683,Salesforce Marketing Coordinator
1684,Business Development Consultant
1685,Senior Medical Science Liaison Manager
1686,Diabetes Account Manager
1687,"Technical Sales Executive 35, 000"
1688,Clinical Account Manager
1689,Study Coordinator III (Immunology & Immunotoxicity)
1690,Graduate Trainer
1691,Accounts Receivable Specialist
1692,Pharmaceutical Process Technican
1693,Nurse Advisor I Medical Device Trainer I 32. 5Kpa & Car
1694,Freelance Medical Writer
1695,Endoscopy Field Service Engineer
1696,Biopharmaceutics @ Clinical Pharmacology Scientists
1697,Contract Clinical Study Lead
1698,In
1699,GCP QA Consultant
1700,QA Associate
1701,Regulatory Submission Specialist
1702,Entry Level Chemistry opportunities
1703,ARC II
1704,EU Logistics Manager
1705,QC Bioassay Position
1706,Logistics Clerk
1707,Lead GCP Consultant
1708,Marketing / Product Manager
1709,Senior Veterinary Regulatory Affairs Executive
1710,CMC Manager
1711,x75 Statistical Programmers
1712,Quality & Regulatory Affairs Manager
1713,Analyste Assurance Qualit
1714,Pharmacometrician Director
1715,Technicien Maintenance
1716,Senior Molecular Pharmacologist
1717,CSV LIMS Engineer
1718,Development Analytical Scientist
1719,Procurement Administrator
1720,Engineering Director
1721,Study Support Specialist I
1722,Gestionnaire Documentaire Assurance Qualit
1723,Study Director / Senior Scientist
1724,CRA / Clinical Field Engineer
1725,Quality Auditor
1726,Artwork Associate Labeling
1727,Director of Clinical Development
1728,Experienced Medical Editor
1729,"Brand Director, OBG UK & Ireland"
1730,Sr Project Manager
1731,Associate Project Manager (Labs)
1732,R& D Device and Packaging Engineer
1733,Diventa Production Planner in una realt in forte espansione
1734,"Manager Oprations Cliniques, Senior"
1735,German Marketing Manager
1736,Client Manager / Research Manager
1737,Fermentation or Purification Expert
1738,Process Engineer
1739,Principal Analytical Scientist
1740,"CMC Regulatory Affairs Manager, UK"
1741,clinical Operations (cra ) Manager
1742,Regulatory Specialist
1743,Senior CRA oncology
1744,Clinical Process Analyst
1745,Editorial Assistant role
1746,MES Engineer
1747,Junior Method Validation Consultant
1748,Group Purchasing Manager
1749,"Senior/ Scientific Director, Quantitative Pharmacology"
1750,Regional Clinical Study Facilitator
1751,Pharmaceutical Manufacturing Trainer
1752,Commercial Analyst
1753,Clinical Pharmacology Scientist
1754,Remote Site Monitor
1755,Distribution Manager
1756,Purchasing Manager
1757,Project Lead
1758,Clinical Team Leader
1759,Clinical Project Physician
1760,Manager QA (Logistics EMEA)
1761,Senior Pharmacokineticist
1762,"Senior Clinical Research Associate, Ireland"
1763,Freelance Jr Clinical Project Manager
1764,"EMEA Health Economics Leader, Devices"
1765,Marketing Manager (m / f)
1766,Junior Project Manager
1767,Senior GCP Auditor
1768,(Senior) Global Project Manager
1769,Contract Clinical Supply Manager (6 month contract)
1770,Automation / MES engineer
1771,"Manager, SSU & Regulatory"
1772,Regulatory Submissions Manager
1773,Masters Graduate in Chemistry
1774,Production supervisor
1775,Medicinal Chemist
1776,Histology Technician
1777,Ingnieur Technico
1778,Process Chemistry Lead
1779,SENIOR / PRINCIPAL BIOSTATISTICIAN
1780,Leiter der Herstellung nach (12 AMWHV)
1781,Trainee Pharmacokineticist
1782,"Contract Clinical Data Standards Manager, Switzerland"
1783,CRA dermatology Belgium
1784,CRA I / II
1785,Pharmaceutical Clinical Trials Project Manager + Liaison Specialist
1786,Clinical Pharmacologist
1787,SUPPLY CHAIN PLANNING MANAGER
1788,Clinical Supply manager
1789,Senior Development Analytical Scientist
1790,Manufacturing Team Leader
1791,Regulatory Clinical Associate
1792,Hands
1793,Commissioning Engineer wanted for Fast
1794,Entry level
1795,Senior Quality Engineer
1796,Oncology Brand & Customer Manager
1797,Research and Development Engineer
1798,Submission Specialist / Study Start Up Specialist
1799,Senior Formulation Scientist
1800,Compliance Engineering Executive
1801,Continuous Improvement Project Manager
1802,CRA / Clinical Field Engineer The Netherlands
1803,SSU & Regulatory Specialist II
1804,Systems Engineer
1805,Operations Director
1806,UK & Ireland Regulatory Lead
1807,Validation Scientist
1808,IT Service Engineer for a Global Medical Devices Company!
1809,Technician
1810,Research and Development engineer
1811,Necropsy Technician
1812,Director of Pharmacology & Translational Sciences
1813,Clinical Research Nurse II (North Tees Hospital)
1814,"Clinical Research Associate II / Senior, Greece"
1815,Manager of Statistics
1816,Clinical Trial Supplies Coordinator
1817,Clinical Data Manager UK
1818,Data Management (SDTM) Programmer
1819,Training Manager
1820,Freelance CRA
1821,Central Monitoring Associate
1822,Associate Scientist
1823,Director of Research
1824,Senior Protein Scientist
1825,Experienced CRA
1826,Ingnieur Biomdical /Rdacteur
1827,Qualitative Research Director
1828,Clinical Research Associate II / Senior CRA
1829,"Medical Monitor, Internal Medicine"
1830,CRA dermatology The Netherlands
1831,MSc or PhD graduate in Chemistry
1832,German speaking CRA
1833,Senior Clinical Trial manager
1834,Central Monitoring Associate (In House CRA)
1835,Experienced Clinical Research Associate
1836,"CRA II / Senior, Poland"
1837,Clinical Research Associate/ Senior Clinical Research Associ
1838,CTA For Fast growing Biotech
1839,"Clinical Research Manager, Hungary"
1840,CRA oncology Belgium
1841,Application Specialist | Chromatography
1842,ARC Senior
1843,Experienced CPM
1844,Locum Clinical Research Nurse
1845,Contract Medical Biostatistician
1846,Responsable d'tudes en immunologie
1847,Associate Territory Manager
1848,Pharmaceutical Clinical Trials
1849,"Trainee or Experienced Medical Pharma Sales Rep, Tayside / Fife"
1850,Regulatory Affairs Specialist Coordinator
1851,Hybrid Medical Sales Representative
1852,Bio
1853,Healthcare Advertising / Account Manager
1854,"Internal Communications and Content Manager, HR EMEA"
1855,Patient Advocacy Account Director
1856,Complex Cardiac Medical Devices Sales NHS Hospital Niche Surgery
1857,Business Development Specialist
1858,Hospital Sales Specialist (Special Care)
1859,Editor
1860,RGN
1861,Lead Health Economist
1862,Editorial Director
1863,Digital Communications Lead
1864,EMEA Senior Brand Manager
1865,"Trainee or Experienced Medical Pharma Sales Rep, Glasgow"
1866,Graduate Medical Sales
1867,SAE / AM
1868,"Veterinary Animal Health Sales Rep, London / Essex / Kent"
1869,Medical Community Account Manager
1870,Graduate Sales Trainee
1871,Head of HEOR
1872,"Interventional Vascular / Aortic Clinical Training, KOL Sales Support"
1873,Signalling Specialist
1874,Drug Safety Data and Information Associate
1875,Quality & Regulatory Officer
1876,Health Economics & Market Access Senior Consultant
1877,"Clinical Trial Manager, UK / EU Dermatology"
1878,CLINICAL RESEARCH PHYSICIAN
1879,Head of Statistics
1880,Clinical Trial Director
1881,Communications Manager
1882,"Lead Programmer, UK HOMEBASED ~ BioPharma"
1883,Ingnieur Affaires rglementaires
1884,Junior CSV Engineer
1885,Senior Clinical Trial Operations Manager
1886,Project Lead / Expert SAS Programmer
1887,Quality and Regulatory Manager (Vigilance)
1888,Site Contract Manager
1889,Lead Interventional Radiographer
1890,Senior Clinical Research Associate (Netherlands)
1891,CQV Project Manager for Young and Fast Growing Company
1892,"Director / Associate Director, Statistical Programming"
1893,Biotechnology Expert for Data Review
1894,Senior Site Manager
1895,"Contract CSV Engineer, Global Pharma Company"
1896,
